_time,stationId,airHumidity,airPressure,airTemperature,batteryV,solarV
2025-03-01T23:00:41+00:00,esp_outdoor,67.5,102903.91,5.99,3.97,0
2025-03-01T23:10:40+00:00,esp_outdoor,67.61,102916.12,5.96,4.02,0.01
2025-03-01T23:20:42+00:00,esp_outdoor,67.94,102904.33,5.83,3.95,0
2025-03-01T23:30:44+00:00,esp_outdoor,65.33,102915.7,6.47,3.95,0
2025-03-01T23:40:40+00:00,esp_outdoor,63.6,102917.73,6.7,4.02,0.01
2025-03-01T23:50:41+00:00,esp_outdoor,64.68,102911.63,6.51,4.02,0.01
2025-03-02T00:00:41+00:00,esp_outdoor,64.8,102916.8,6.59,3.98,0
2025-03-02T00:10:42+00:00,esp_outdoor,65.19,102909.28,6.4,3.95,0
2025-03-02T00:20:43+00:00,esp_outdoor,65.33,102914.23,6.48,4.01,0.01
2025-03-02T00:30:42+00:00,esp_outdoor,64.46,102918.98,6.57,4.02,0.01
2025-03-02T00:40:43+00:00,esp_outdoor,64.84,102915.78,6.41,4.01,0
2025-03-02T00:50:44+00:00,esp_outdoor,66.07,102913.88,6.3,4.02,0.02
2025-03-02T01:00:45+00:00,esp_outdoor,65.41,102913.62,6.5,3.97,0.01
2025-03-02T01:10:48+00:00,esp_outdoor,64.33,102912.34,6.97,3.95,0
2025-03-02T01:20:45+00:00,esp_outdoor,63.84,102910.24,7.22,4.02,0.01
2025-03-02T01:30:46+00:00,esp_outdoor,65.18,102919.45,6.9,3.96,0
2025-03-02T01:40:47+00:00,esp_outdoor,70.48,102919.72,5.63,4.02,0.01
2025-03-02T01:50:47+00:00,esp_outdoor,74.73,102925.61,4.56,3.96,0
2025-03-02T02:00:45+00:00,esp_outdoor,76.63,102915.36,4.16,3.95,0
2025-03-02T02:10:51+00:00,esp_outdoor,77.07,102913.68,4.2,4.01,0.01
2025-03-02T02:20:50+00:00,esp_outdoor,71.38,102919.66,5.52,3.95,0
2025-03-02T02:30:51+00:00,esp_outdoor,71.25,102921.42,5.48,3.96,0
2025-03-02T02:40:50+00:00,esp_outdoor,74.22,102929.31,4.82,4.02,0.01
2025-03-02T02:50:50+00:00,esp_outdoor,71.89,102920.48,5.4,3.96,0.01
2025-03-02T03:00:51+00:00,esp_outdoor,69.8,102920.09,5.8,3.95,0
2025-03-02T03:10:52+00:00,esp_outdoor,68.91,102915.81,6.04,4.02,0.01
2025-03-02T03:20:51+00:00,esp_outdoor,68.81,102916.55,6.05,4.02,0.01
2025-03-02T03:30:51+00:00,esp_outdoor,69.68,102919.06,5.81,3.95,0
2025-03-02T03:40:50+00:00,esp_outdoor,70.5,102928.75,5.61,4.02,0.01
2025-03-02T03:50:51+00:00,esp_outdoor,71.59,102934.59,5.38,4.02,0.01
2025-03-02T04:00:51+00:00,esp_outdoor,73.42,102941.44,5.03,3.95,0
2025-03-02T04:10:51+00:00,esp_outdoor,75.66,102942.63,4.57,3.99,0.01
2025-03-02T04:20:53+00:00,esp_outdoor,74.02,102945.62,4.76,3.95,0
2025-03-02T04:30:52+00:00,esp_outdoor,72.97,102949.8,5.01,4.02,0.01
2025-03-02T04:40:52+00:00,esp_outdoor,72.99,102954.69,4.88,3.96,0.03
2025-03-02T04:50:53+00:00,esp_outdoor,71.7,102958.94,5.13,3.96,0.01
2025-03-02T05:00:54+00:00,esp_outdoor,71.08,102957.11,5.25,4.02,0.04
2025-03-02T05:10:55+00:00,esp_outdoor,70.32,102978.69,5.49,4.01,0.26
2025-03-02T05:20:53+00:00,esp_outdoor,72.08,102997.23,5.03,4.02,1.4
2025-03-02T05:30:53+00:00,esp_outdoor,73.81,103004.38,4.59,4.02,3.62
2025-03-02T05:40:53+00:00,esp_outdoor,74.64,103015.84,4.37,4.02,4.09
2025-03-02T05:50:55+00:00,esp_outdoor,76.02,103015,4.05,3.95,4.03
2025-03-02T06:00:55+00:00,esp_outdoor,74.05,103038.91,4.56,3.95,4.03
2025-03-02T06:10:56+00:00,esp_outdoor,75.74,103045.64,4.23,3.97,4.1
2025-03-02T06:20:56+00:00,esp_outdoor,74.43,103060.01,4.48,3.96,4.09
2025-03-02T06:30:58+00:00,esp_outdoor,71.59,103069.34,5.07,3.95,4.04
2025-03-02T06:40:59+00:00,esp_outdoor,69.85,103086.92,5.48,4,4.05
2025-03-02T06:51:00+00:00,esp_outdoor,66.8,103088.5,6.16,3.95,4.04
2025-03-02T07:01:01+00:00,esp_outdoor,63.9,103096.41,6.58,4.02,4.11
2025-03-02T07:11:02+00:00,esp_outdoor,62.8,103102.64,6.92,4.02,4.11
2025-03-02T07:21:04+00:00,esp_outdoor,63.39,103112.41,7.18,4.02,4.08
2025-03-02T07:31:05+00:00,esp_outdoor,61.74,103126.02,7.61,4.03,4.06
2025-03-02T07:41:07+00:00,esp_outdoor,58.62,103125.19,8.51,4,4.11
2025-03-02T07:51:11+00:00,esp_outdoor,54.71,103126.34,9.88,4.03,4.13
2025-03-02T08:01:13+00:00,esp_outdoor,53.52,103132.64,10.17,4.03,4.13
2025-03-02T08:11:15+00:00,esp_outdoor,52.65,103144.47,10.48,4,4.09
2025-03-02T08:21:17+00:00,esp_outdoor,49.8,103133.8,11.04,4.04,4.13
2025-03-02T08:31:21+00:00,esp_outdoor,49.15,103134.73,11.72,4.04,4.13
2025-03-02T08:41:23+00:00,esp_outdoor,45.51,103131.41,11.02,3.99,4.07
2025-03-02T08:51:22+00:00,esp_outdoor,43.52,103121.69,11.44,4.04,4.13
2025-03-02T09:01:25+00:00,esp_outdoor,43.86,103126.66,11.34,3.99,4.12
2025-03-02T09:11:26+00:00,esp_outdoor,43.47,103128.34,11.44,3.99,4.08
2025-03-02T09:21:27+00:00,esp_outdoor,43.92,103128.88,11.49,3.99,4.13
2025-03-02T09:31:29+00:00,esp_outdoor,43.15,103131.43,11.5,4.04,4.13
2025-03-02T09:41:31+00:00,esp_outdoor,42.35,103130.97,11.91,3.99,4.11
2025-03-02T09:51:34+00:00,esp_outdoor,41.22,103119.23,12.1,3.99,4.07
2025-03-02T10:01:35+00:00,esp_outdoor,41.2,103129.47,11.99,4.05,4.13
2025-03-02T10:11:36+00:00,esp_outdoor,40.53,103114.67,12.44,4.05,4.13
2025-03-02T10:21:38+00:00,esp_outdoor,40.54,103105.39,12.34,4.05,4.13
2025-03-02T10:31:40+00:00,esp_outdoor,39.93,103102.44,12.71,3.99,4.07
2025-03-02T10:41:42+00:00,esp_outdoor,38.84,103099.03,13.08,4.04,4.13
2025-03-02T10:51:44+00:00,esp_outdoor,39.83,103080.52,12.7,4.03,4.08
2025-03-02T11:01:45+00:00,esp_outdoor,39.23,103065.49,12.39,3.99,4.08
2025-03-02T11:11:46+00:00,esp_outdoor,40.17,103050.36,12.44,4.05,4.13
2025-03-02T11:21:48+00:00,esp_outdoor,40.52,103039.86,13.38,4.05,4.13
2025-03-02T11:31:50+00:00,esp_outdoor,38.58,103033.09,13.06,4.05,4.09
2025-03-02T11:41:51+00:00,esp_outdoor,36.61,103032.3,13.45,3.99,4.08
2025-03-02T11:51:53+00:00,esp_outdoor,36.7,102999.8,13.83,3.99,4.12
2025-03-02T12:01:53+00:00,esp_outdoor,36.57,102991.61,13.96,4.05,4.29
2025-03-02T12:11:55+00:00,esp_outdoor,33.37,102983.15,14.15,4.05,4.18
2025-03-02T12:21:56+00:00,esp_outdoor,33.29,102969.53,14.15,4.05,4.19
2025-03-02T12:31:58+00:00,esp_outdoor,33.42,102974.81,14.32,4.05,4.15
2025-03-02T12:42:00+00:00,esp_outdoor,33.01,102961.19,14.44,4.05,4.18
2025-03-02T12:52:01+00:00,esp_outdoor,34.1,102943.27,14.28,4.05,4.18
2025-03-02T13:02:00+00:00,esp_outdoor,33.36,102945.61,13.88,3.99,4.1
2025-03-02T13:11:59+00:00,esp_outdoor,33.99,102920.28,13.52,4,4.08
2025-03-02T13:21:59+00:00,esp_outdoor,34.72,102908.53,13.39,4.04,4.12
2025-03-02T13:32:00+00:00,esp_outdoor,35.13,102901.42,13.34,4.02,4.06
2025-03-02T13:42:01+00:00,esp_outdoor,35.81,102903.81,13.3,3.98,4.11
2025-03-02T13:52:04+00:00,esp_outdoor,37.38,102896.05,13.43,3.98,4.06
2025-03-02T14:02:05+00:00,esp_outdoor,37.52,102891.64,13.11,4.03,4.12
2025-03-02T14:12:06+00:00,esp_outdoor,37.33,102891.31,13.12,3.97,4.06
2025-03-02T14:22:06+00:00,esp_outdoor,37.34,102887.05,13.13,4.03,4.11
2025-03-02T14:32:14+00:00,esp_outdoor,37.93,102874.27,13.43,3.97,4.06
2025-03-02T14:42:09+00:00,esp_outdoor,37.93,102861.05,13.34,3.98,4.09
2025-03-02T14:52:10+00:00,esp_outdoor,37.24,102860.08,13.4,4.03,4.11
2025-03-02T15:02:12+00:00,esp_outdoor,37.11,102850.64,13.28,4.03,4.11
2025-03-02T15:12:13+00:00,esp_outdoor,37.1,102848.08,13.1,3.98,4.11
2025-03-02T15:22:16+00:00,esp_outdoor,38.28,102841.77,13.24,4.02,4.11
2025-03-02T15:32:14+00:00,esp_outdoor,37.64,102840.89,13.05,4.03,4.11
2025-03-02T15:42:15+00:00,esp_outdoor,38.12,102846.51,12.98,4.03,4.12
2025-03-02T15:52:17+00:00,esp_outdoor,40.43,102849.81,12.49,4.03,4.12
2025-03-02T16:02:18+00:00,esp_outdoor,41.98,102848.48,12.2,3.99,4.11
2025-03-02T16:12:20+00:00,esp_outdoor,41.78,102858.47,12.03,4.03,4.11
2025-03-02T16:22:18+00:00,esp_outdoor,42.44,102864.23,11.97,3.97,4.05
2025-03-02T16:32:19+00:00,esp_outdoor,43,102881.8,11.73,4.03,4.08
2025-03-02T16:42:19+00:00,esp_outdoor,42.75,102888.47,11.76,4.03,3.95
2025-03-02T16:52:19+00:00,esp_outdoor,42.47,102883.04,11.7,4.03,3.74
2025-03-02T17:02:20+00:00,esp_outdoor,45.33,102876.64,11.28,4.03,3.38
2025-03-02T17:12:21+00:00,esp_outdoor,46.8,102886.37,10.87,3.97,1.89
2025-03-02T17:22:22+00:00,esp_outdoor,49.56,102897.33,10.37,3.97,0.61
2025-03-02T17:32:21+00:00,esp_outdoor,47.49,102907.67,10.69,4.03,0.1
2025-03-02T17:42:23+00:00,esp_outdoor,48.46,102914.16,10.47,3.96,0.01
2025-03-02T17:52:21+00:00,esp_outdoor,49.36,102930.22,10.31,3.97,0
2025-03-02T18:02:29+00:00,esp_outdoor,47.49,102930.43,10.57,3.96,0
2025-03-02T18:12:28+00:00,esp_outdoor,49.12,102946.64,10.25,3.97,0
2025-03-02T18:22:28+00:00,esp_outdoor,50.61,102956.52,9.86,3.97,0
2025-03-02T18:32:37+00:00,esp_outdoor,50.39,102961,9.86,3.97,0
2025-03-02T18:42:37+00:00,esp_outdoor,52.48,102975.91,9.24,3.96,0
2025-03-02T18:52:34+00:00,esp_outdoor,50.65,102971.41,9.49,4.03,0.03
2025-03-02T19:02:34+00:00,esp_outdoor,53.69,102984.95,8.87,4.03,0.01
2025-03-02T19:12:34+00:00,esp_outdoor,53.81,102995.09,8.82,3.97,0
2025-03-02T19:22:36+00:00,esp_outdoor,49.8,102989.53,9.68,3.96,0
2025-03-02T19:32:45+00:00,esp_outdoor,49.59,102987.66,9.55,4.01,0
2025-03-02T19:42:42+00:00,esp_outdoor,48.67,102991.62,9.68,4.03,0.01
2025-03-02T19:52:43+00:00,esp_outdoor,50.35,102996.41,9.5,3.99,0
2025-03-02T20:02:42+00:00,esp_outdoor,51.19,103010.41,9.26,4.03,0.01
2025-03-02T20:12:45+00:00,esp_outdoor,51.43,103017.65,9.13,4.03,0.01
2025-03-02T20:22:43+00:00,esp_outdoor,51.92,103012.75,9.04,4.03,0.01
2025-03-02T20:32:44+00:00,esp_outdoor,53.91,103026.02,8.39,4.02,0
2025-03-02T20:42:44+00:00,esp_outdoor,55.7,103033.22,8,3.95,0
2025-03-02T20:52:42+00:00,esp_outdoor,59.94,103041.08,7.18,3.97,0
2025-03-02T21:02:42+00:00,esp_outdoor,61.13,103054.9,6.77,4.02,0
2025-03-02T21:12:43+00:00,esp_outdoor,64.14,103061.36,6.21,3.96,0.01
2025-03-02T21:22:44+00:00,esp_outdoor,66.49,103076.44,5.82,4.02,0.01
2025-03-02T21:32:44+00:00,esp_outdoor,68.73,103082.92,5.65,4.02,0.01
2025-03-02T21:42:45+00:00,esp_outdoor,69.08,103080.43,5.66,3.97,0.02
2025-03-02T21:52:46+00:00,esp_outdoor,69.03,103073.52,5.82,4.01,0
2025-03-02T22:02:50+00:00,esp_outdoor,69.73,103071.66,5.85,3.94,0
2025-03-02T22:12:48+00:00,esp_outdoor,68.75,103074.55,6.27,4.01,0.01
2025-03-02T22:22:49+00:00,esp_outdoor,68.16,103076.97,6.36,3.98,0.04
2025-03-02T22:32:50+00:00,esp_outdoor,68.93,103077.58,6.21,4.01,0
2025-03-02T22:42:51+00:00,esp_outdoor,70.5,103083.98,5.87,4,0
2025-03-02T22:52:51+00:00,esp_outdoor,72.15,103083.05,5.57,4.02,0.01
2025-03-02T23:02:53+00:00,esp_outdoor,74.05,103079.64,5.01,4.01,0.01
2025-03-02T23:12:54+00:00,esp_outdoor,74.19,103071.94,4.99,4.02,0.01
2025-03-02T23:22:51+00:00,esp_outdoor,76.63,103069.05,4.67,3.98,0
2025-03-02T23:32:53+00:00,esp_outdoor,76.18,103063.52,4.74,3.96,0.01
2025-03-02T23:42:54+00:00,esp_outdoor,77.59,103057.03,4.48,3.95,0
2025-03-02T23:52:52+00:00,esp_outdoor,78,103059.08,4.29,4.01,0.01
2025-03-03T00:02:53+00:00,esp_outdoor,79.2,103068.89,4.08,4.01,0.01
2025-03-03T00:12:54+00:00,esp_outdoor,80.59,103073.8,3.81,4.01,0.01
2025-03-03T00:22:55+00:00,esp_outdoor,81.29,103080.3,3.6,4.01,0.01
2025-03-03T00:32:56+00:00,esp_outdoor,82.08,103076,3.38,4.01,0
2025-03-03T00:42:57+00:00,esp_outdoor,82.47,103083.45,3.38,4.01,0.01
2025-03-03T00:52:57+00:00,esp_outdoor,84.07,103078.73,3.14,3.99,0
2025-03-03T01:02:58+00:00,esp_outdoor,82.91,103073.75,3.2,4.01,0
2025-03-03T01:13:01+00:00,esp_outdoor,83.06,103075.25,3.15,3.94,0
2025-03-03T01:23:01+00:00,esp_outdoor,81.4,103051.77,3.38,4.01,0.01
2025-03-03T01:33:02+00:00,esp_outdoor,79.4,103051.48,3.49,4.02,0.01
2025-03-03T01:43:03+00:00,esp_outdoor,79.21,103024.9,3.35,4.01,0.01
2025-03-03T01:53:04+00:00,esp_outdoor,75,103024.2,3.55,3.97,0
2025-03-03T02:03:05+00:00,esp_outdoor,74.4,103026.97,3.54,4.01,0
2025-03-03T02:13:06+00:00,esp_outdoor,73.9,103016.73,3.62,3.95,0.01
2025-03-03T02:23:07+00:00,esp_outdoor,74.44,103006.79,3.5,4.01,0.01
2025-03-03T02:33:06+00:00,esp_outdoor,74.55,103015.47,3.46,4,0.01
2025-03-03T02:43:06+00:00,esp_outdoor,73.32,103005.56,3.63,4.01,0.01
2025-03-03T02:53:07+00:00,esp_outdoor,72.51,103005.48,3.69,3.96,0.01
2025-03-03T03:03:13+00:00,esp_outdoor,73.17,102997.86,3.61,3.94,0
2025-03-03T03:13:09+00:00,esp_outdoor,74.34,102990.86,3.4,3.94,0
2025-03-03T03:23:11+00:00,esp_outdoor,76.09,102990.28,3.06,4.01,0.01
2025-03-03T03:33:10+00:00,esp_outdoor,76.82,102995.75,2.93,4.01,0.01
2025-03-03T03:43:11+00:00,esp_outdoor,77.74,102994.27,2.79,4,0.01
2025-03-03T03:53:11+00:00,esp_outdoor,77.62,103000.06,2.69,4,0.01
2025-03-03T04:03:11+00:00,esp_outdoor,78.02,103006.41,2.6,4.01,0.01
2025-03-03T04:13:13+00:00,esp_outdoor,79.41,103001.63,2.43,3.94,0
2025-03-03T04:23:14+00:00,esp_outdoor,78.46,102999.55,2.46,4.01,0.01
2025-03-03T04:33:14+00:00,esp_outdoor,76.85,102992.04,2.66,3.99,0.01
2025-03-03T04:43:15+00:00,esp_outdoor,77.27,102998,2.53,3.99,0
2025-03-03T04:53:16+00:00,esp_outdoor,79.94,102992.82,2,3.99,0.03
2025-03-03T05:03:16+00:00,esp_outdoor,82.36,102992.53,1.6,3.94,0.11
2025-03-03T05:13:16+00:00,esp_outdoor,82.31,102991.73,1.67,4.01,0.75
2025-03-03T05:23:16+00:00,esp_outdoor,83.06,102989.45,1.49,3.94,2.34
2025-03-03T05:33:16+00:00,esp_outdoor,81.02,102997.99,1.73,4,4.08
2025-03-03T05:43:16+00:00,esp_outdoor,81.43,102988.61,1.63,4.01,4.09
2025-03-03T05:53:17+00:00,esp_outdoor,79.7,102976.55,1.91,4,4.08
2025-03-03T06:03:18+00:00,esp_outdoor,77.17,102992.38,2.25,3.93,4.02
2025-03-03T06:13:18+00:00,esp_outdoor,73.55,102996.17,2.96,4.01,4.09
2025-03-03T06:23:18+00:00,esp_outdoor,71.18,102997.45,3.41,4,4.09
2025-03-03T06:33:19+00:00,esp_outdoor,69.07,103002.14,3.89,4.01,4.09
2025-03-03T06:43:21+00:00,esp_outdoor,67.2,102996.23,4.25,4.01,4.09
2025-03-03T06:53:22+00:00,esp_outdoor,65.69,102993.72,4.58,3.95,4.04
2025-03-03T07:03:23+00:00,esp_outdoor,66.77,103002.34,4.8,4.01,4.52
2025-03-03T07:13:24+00:00,esp_outdoor,66.12,103001.88,5.06,4.02,4.55
2025-03-03T07:23:25+00:00,esp_outdoor,64.87,103014.77,5.54,3.99,4.1
2025-03-03T07:33:27+00:00,esp_outdoor,62.61,103015.88,6.25,4.04,4.7
2025-03-03T07:43:31+00:00,esp_outdoor,55.85,103015.11,8.28,4.03,4.12
2025-03-03T07:53:34+00:00,esp_outdoor,52.9,103016.84,8.67,3.97,4.06
2025-03-03T08:03:36+00:00,esp_outdoor,51.54,103014.65,10.25,4.03,4.18
2025-03-03T08:13:38+00:00,esp_outdoor,50.23,103002.53,9.95,4,4.07
2025-03-03T08:23:38+00:00,esp_outdoor,47.14,103000.53,11.1,4.04,4.13
2025-03-03T08:33:41+00:00,esp_outdoor,44.2,102994.75,11.68,4.04,4.21
2025-03-03T08:43:42+00:00,esp_outdoor,44.24,102994.88,11.58,4.04,4.21
2025-03-03T08:53:45+00:00,esp_outdoor,41.49,102993.24,12.49,4.04,4.2
2025-03-03T09:03:46+00:00,esp_outdoor,40.47,102996.05,13.26,4.04,4.24
2025-03-03T09:13:48+00:00,esp_outdoor,38.8,102982.2,13.59,3.99,4.17
2025-03-03T09:23:49+00:00,esp_outdoor,37.31,102990.78,13.98,3.99,4.31
2025-03-03T09:33:51+00:00,esp_outdoor,36.66,102981.69,14.33,4.05,4.35
2025-03-03T09:43:52+00:00,esp_outdoor,34.72,102987.84,14.09,4.04,4.33
2025-03-03T09:53:54+00:00,esp_outdoor,34.64,102982.17,14.58,4.05,4.35
2025-03-03T10:03:56+00:00,esp_outdoor,34.87,102972.05,14.86,4.05,4.35
2025-03-03T10:13:58+00:00,esp_outdoor,30.56,102963.3,15.23,4.02,4.33
2025-03-03T10:24:00+00:00,esp_outdoor,31.32,102970.19,15.35,4.05,4.34
2025-03-03T10:34:04+00:00,esp_outdoor,31.92,102963.08,14.83,4.06,4.35
2025-03-03T10:44:06+00:00,esp_outdoor,30.91,102964.86,15.59,4.06,4.43
2025-03-03T10:54:07+00:00,esp_outdoor,30.71,102956.88,16.25,4.06,4.37
2025-03-03T11:04:10+00:00,esp_outdoor,34.47,102950.56,16.39,4.06,4.37
2025-03-03T11:14:12+00:00,esp_outdoor,32.27,102944.81,14.58,4.06,4.42
2025-03-03T11:24:14+00:00,esp_outdoor,35.71,102929.88,15.62,3.99,4.38
2025-03-03T11:34:14+00:00,esp_outdoor,34.59,102902.72,15.95,4.06,4.42
2025-03-03T11:44:18+00:00,esp_outdoor,31.55,102889.08,17.12,4.06,4.39
2025-03-03T11:54:19+00:00,esp_outdoor,30.4,102871.39,16.32,4.06,4.41
2025-03-03T12:04:23+00:00,esp_outdoor,33.85,102862.16,17.21,4.06,4.33
2025-03-03T12:14:24+00:00,esp_outdoor,33.17,102851.41,16.62,4.06,4.32
2025-03-03T12:24:26+00:00,esp_outdoor,31.35,102839.2,17.17,4.06,4.31
2025-03-03T12:34:29+00:00,esp_outdoor,30.82,102833.23,17.13,4.05,4.26
2025-03-03T12:44:31+00:00,esp_outdoor,29.63,102817.75,17.29,4.06,4.3
2025-03-03T12:54:34+00:00,esp_outdoor,28.28,102808.77,16.51,4,4.28
2025-03-03T13:04:35+00:00,esp_outdoor,32.77,102800.72,16.67,4,4.4
2025-03-03T13:14:34+00:00,esp_outdoor,30.64,102797.3,15.84,4.05,4.22
2025-03-03T13:24:34+00:00,esp_outdoor,29.59,102792.08,15.39,3.99,4.22
2025-03-03T13:34:37+00:00,esp_outdoor,33.33,102790.49,15.23,4.04,4.17
2025-03-03T13:44:37+00:00,esp_outdoor,34.87,102781.46,15.24,4.04,4.24
2025-03-03T13:54:39+00:00,esp_outdoor,33.95,102775.32,15.29,4.04,4.23
2025-03-03T14:04:39+00:00,esp_outdoor,32.57,102765.34,15.11,4.04,4.22
2025-03-03T14:14:40+00:00,esp_outdoor,33.69,102759.06,14.99,4.04,4.21
2025-03-03T14:24:42+00:00,esp_outdoor,32.66,102747.83,14.96,3.98,4.19
2025-03-03T14:34:40+00:00,esp_outdoor,33.33,102735.93,15.01,3.98,4.19
2025-03-03T14:44:41+00:00,esp_outdoor,35.79,102731.67,14.75,4.03,4.19
2025-03-03T14:54:40+00:00,esp_outdoor,34.65,102724.53,14.84,3.99,4.16
2025-03-03T15:04:42+00:00,esp_outdoor,34.1,102729.1,14.89,4.04,4.16
2025-03-03T15:14:44+00:00,esp_outdoor,36.1,102722.16,14.88,4.04,4.17
2025-03-03T15:24:46+00:00,esp_outdoor,37.74,102715.86,14.76,4.04,4.16
2025-03-03T15:34:48+00:00,esp_outdoor,40.94,102712.92,14.5,3.98,4.11
2025-03-03T15:44:49+00:00,esp_outdoor,39.29,102707.38,14.51,4.04,4.11
2025-03-03T15:54:51+00:00,esp_outdoor,41.89,102702.27,14.07,4.04,4.13
2025-03-03T16:04:52+00:00,esp_outdoor,43.28,102695.36,13.63,4.03,4.13
2025-03-03T16:14:54+00:00,esp_outdoor,42.91,102694.36,13.45,4.03,4.12
2025-03-03T16:24:55+00:00,esp_outdoor,43.13,102706.73,13.52,4.02,4.12
2025-03-03T16:34:57+00:00,esp_outdoor,44.08,102709,13.19,4.04,4.12
2025-03-03T16:44:58+00:00,esp_outdoor,43.1,102710.6,13.04,4.03,4.11
2025-03-03T16:54:58+00:00,esp_outdoor,44.72,102715.41,12.44,4.03,4.12
2025-03-03T17:04:59+00:00,esp_outdoor,45.97,102716.44,11.98,4.03,3.68
2025-03-03T17:15:00+00:00,esp_outdoor,47.9,102711.01,11.48,3.97,1.65
2025-03-03T17:25:01+00:00,esp_outdoor,47.28,102722.73,11.37,3.97,0.33
2025-03-03T17:34:58+00:00,esp_outdoor,50.43,102733.34,10.9,4.03,0.07
2025-03-03T17:45:00+00:00,esp_outdoor,50.48,102736.78,10.41,3.97,0.01
2025-03-03T17:55:00+00:00,esp_outdoor,53.65,102738.14,9.88,4.03,0.02
2025-03-03T18:05:02+00:00,esp_outdoor,54.78,102736.5,9.54,4.03,0.01
2025-03-03T18:15:03+00:00,esp_outdoor,55.89,102735.92,9.23,3.96,0
2025-03-03T18:25:02+00:00,esp_outdoor,57.31,102730.97,9.04,3.96,0
2025-03-03T18:35:01+00:00,esp_outdoor,58.24,102730.25,8.97,3.96,0
2025-03-03T18:45:01+00:00,esp_outdoor,58.56,102732.04,8.83,3.98,0.01
2025-03-03T18:55:01+00:00,esp_outdoor,58.36,102737.3,8.62,4.03,0
2025-03-03T19:05:02+00:00,esp_outdoor,58.8,102739.05,8.54,3.96,0
2025-03-03T19:15:04+00:00,esp_outdoor,60.49,102739.47,8.22,4.03,0.01
2025-03-03T19:25:04+00:00,esp_outdoor,60.47,102745.3,8.06,4.03,0.01
2025-03-03T19:35:05+00:00,esp_outdoor,64.18,102752.58,7.74,3.97,0.01
2025-03-03T19:45:05+00:00,esp_outdoor,65.3,102752.12,7.39,4.03,0.03
2025-03-03T19:55:07+00:00,esp_outdoor,67.2,102759.84,7.12,4.02,0.01
2025-03-03T20:05:08+00:00,esp_outdoor,67.54,102769.77,7.02,3.97,0.01
2025-03-03T20:15:09+00:00,esp_outdoor,67.92,102767.98,6.9,4.02,0.01
2025-03-03T20:25:10+00:00,esp_outdoor,68.92,102764.74,6.77,3.95,0
2025-03-03T20:35:08+00:00,esp_outdoor,67.83,102767.93,6.73,3.95,0
2025-03-03T20:45:08+00:00,esp_outdoor,71.7,102771.23,6.2,3.95,0
2025-03-03T20:55:12+00:00,esp_outdoor,71.71,102768.83,6.11,3.95,0
2025-03-03T21:05:09+00:00,esp_outdoor,71.68,102761.64,5.99,4.02,0.01
2025-03-03T21:15:08+00:00,esp_outdoor,72.12,102748.92,5.84,3.96,0.01
2025-03-03T21:25:09+00:00,esp_outdoor,71.87,102749.66,5.82,3.95,0
2025-03-03T21:35:07+00:00,esp_outdoor,71.53,102751.88,5.77,3.95,0
2025-03-03T21:45:07+00:00,esp_outdoor,70.7,102745.96,5.74,4.02,0.01
2025-03-03T21:55:16+00:00,esp_outdoor,70.47,102745.86,5.65,4.01,0
2025-03-03T22:05:12+00:00,esp_outdoor,69.81,102739.58,5.72,3.95,0
2025-03-03T22:15:13+00:00,esp_outdoor,72.58,102738.28,5.31,4.01,0.01
2025-03-03T22:25:12+00:00,esp_outdoor,74.12,102736.27,5.1,3.95,0
2025-03-03T22:35:16+00:00,esp_outdoor,75.14,102722.74,4.92,3.95,0
2025-03-03T22:45:15+00:00,esp_outdoor,75.35,102710.72,4.79,3.95,0
2025-03-03T22:55:14+00:00,esp_outdoor,73.63,102715.19,4.87,4.01,0.01
2025-03-03T23:05:15+00:00,esp_outdoor,73.87,102708.47,4.74,3.94,0
2025-03-03T23:15:13+00:00,esp_outdoor,72.96,102696.53,4.72,3.95,0
2025-03-03T23:25:11+00:00,esp_outdoor,75.21,102684.82,4.37,3.94,0
2025-03-03T23:35:08+00:00,esp_outdoor,75.61,102689.83,4.27,3.94,0
2025-03-03T23:45:07+00:00,esp_outdoor,76.29,102687.05,4.06,3.96,0.01
2025-03-03T23:56:16+00:00,esp_outdoor,75.96,102679.23,3.98,3.94,0.01
2025-03-04T00:06:15+00:00,esp_outdoor,73.58,102674.12,4.24,3.95,0
2025-03-04T00:16:16+00:00,esp_outdoor,73.53,102669.25,4.2,3.99,0.01
2025-03-04T00:26:16+00:00,esp_outdoor,74.24,102667.85,3.99,3.98,0.01
2025-03-04T00:36:16+00:00,esp_outdoor,74.24,102679.06,3.97,3.94,0
2025-03-04T00:46:17+00:00,esp_outdoor,74.92,102660.85,3.79,3.94,0
2025-03-04T00:56:15+00:00,esp_outdoor,74.56,102664.77,3.77,4.01,0.01
2025-03-04T01:06:15+00:00,esp_outdoor,73.61,102649.45,3.79,3.95,0
2025-03-04T01:16:15+00:00,esp_outdoor,74.46,102653.56,3.69,4.01,0.01
2025-03-04T01:26:15+00:00,esp_outdoor,75.78,102651.59,3.46,3.93,0
2025-03-04T01:36:14+00:00,esp_outdoor,76.91,102639.59,3.2,3.94,0
2025-03-04T01:46:13+00:00,esp_outdoor,75.41,102639.73,3.34,4.01,0.01
2025-03-04T01:56:12+00:00,esp_outdoor,73.86,102632.55,3.54,3.95,0.01
2025-03-04T02:06:12+00:00,esp_outdoor,75.87,102628.82,3.18,3.94,0
2025-03-04T02:16:13+00:00,esp_outdoor,75.26,102626.59,3.36,4.01,0.01
2025-03-04T02:26:13+00:00,esp_outdoor,74.07,102623.12,3.75,4,0.01
2025-03-04T02:36:13+00:00,esp_outdoor,75.71,102619.17,3.49,4.01,0.01
2025-03-04T02:46:13+00:00,esp_outdoor,75.29,102620.23,3.62,4,0.01
2025-03-04T02:56:14+00:00,esp_outdoor,74.54,102615.25,3.72,4.01,0.01
2025-03-04T03:06:15+00:00,esp_outdoor,74,102629.81,3.75,3.97,0
2025-03-04T03:16:16+00:00,esp_outdoor,74.17,102620.44,3.7,4.02,0.01
2025-03-04T03:26:16+00:00,esp_outdoor,74.07,102620.48,3.7,4.01,0.01
2025-03-04T03:36:15+00:00,esp_outdoor,74.89,102632.02,3.55,4.01,0.01
2025-03-04T03:46:15+00:00,esp_outdoor,75.48,102640.27,3.45,3.95,0.01
2025-03-04T03:56:16+00:00,esp_outdoor,76.49,102631.39,3.24,3.99,0.01
2025-03-04T04:06:17+00:00,esp_outdoor,77.04,102636.49,3.08,4.01,0.01
2025-03-04T04:16:18+00:00,esp_outdoor,75.88,102637.84,3.26,3.95,0.01
2025-03-04T04:26:19+00:00,esp_outdoor,76.69,102639.02,3.08,4.02,0
2025-03-04T04:36:20+00:00,esp_outdoor,77.48,102641.2,2.9,4.01,0.01
2025-03-04T04:46:21+00:00,esp_outdoor,77.51,102641.29,2.87,3.94,0.01
2025-03-04T04:56:20+00:00,esp_outdoor,76.73,102641.3,2.97,4.01,0.04
2025-03-04T05:06:22+00:00,esp_outdoor,75.1,102651.2,3.22,3.99,0.24
2025-03-04T05:16:23+00:00,esp_outdoor,76.21,102656.53,2.97,3.99,1.34
2025-03-04T05:26:24+00:00,esp_outdoor,76.71,102655.7,2.8,4.01,3.5
2025-03-04T05:36:24+00:00,esp_outdoor,77.21,102659.72,2.71,4.01,4.09
2025-03-04T05:46:26+00:00,esp_outdoor,77.28,102663.39,2.75,4,4.05
2025-03-04T05:56:27+00:00,esp_outdoor,78.64,102676.69,2.4,4.01,4.09
2025-03-04T06:06:28+00:00,esp_outdoor,80.23,102674.36,2.32,3.95,4.07
2025-03-04T06:16:30+00:00,esp_outdoor,78.73,102678.63,2.81,4.01,4.09
2025-03-04T06:26:31+00:00,esp_outdoor,77,102696.89,3.21,3.82,4.26
2025-03-04T06:36:31+00:00,esp_outdoor,74.19,102705.73,3.82,3.95,4.1
2025-03-04T06:46:33+00:00,esp_outdoor,67.9,102704.91,5.03,4.01,4.15
2025-03-04T06:56:33+00:00,esp_outdoor,68.07,102713.53,5.32,4.01,4.18
2025-03-04T07:06:35+00:00,esp_outdoor,65.37,102724.88,5.89,4.01,4.2
2025-03-04T07:16:36+00:00,esp_outdoor,65.64,102730.98,6.3,3.95,4.17
2025-03-04T07:26:35+00:00,esp_outdoor,64.52,102725.05,6.78,4.01,4.2
2025-03-04T07:36:36+00:00,esp_outdoor,61.6,102727.02,8.23,4.03,4.34
2025-03-04T07:46:42+00:00,esp_outdoor,52.84,102733.52,10.63,4.03,4.26
2025-03-04T07:56:46+00:00,esp_outdoor,50.86,102731.12,11.55,4.03,4.26
2025-03-04T08:06:48+00:00,esp_outdoor,43.52,102727.8,13.18,4.04,4.29
2025-03-04T08:16:51+00:00,esp_outdoor,42.42,102725.25,13.73,4,4.26
2025-03-04T08:26:52+00:00,esp_outdoor,40.11,102729.22,14.4,3.99,4.31
2025-03-04T08:36:54+00:00,esp_outdoor,36.74,102722.75,15.09,3.98,4.34
2025-03-04T08:46:57+00:00,esp_outdoor,34.71,102715.67,15.16,4.04,4.4
2025-03-04T08:56:58+00:00,esp_outdoor,36.47,102709.74,14.79,4.05,4.41
2025-03-04T09:07:02+00:00,esp_outdoor,34.87,102710.99,16.7,3.99,4.33
2025-03-04T09:17:00+00:00,esp_outdoor,36.7,102712.39,16.15,3.99,4.36
2025-03-04T09:27:01+00:00,esp_outdoor,34.56,102721.05,15.99,4.05,4.4
2025-03-04T09:37:04+00:00,esp_outdoor,32.22,102714.04,17.13,3.99,4.37
2025-03-04T09:47:06+00:00,esp_outdoor,30.28,102704.97,17.41,3.99,4.39
2025-03-04T09:57:06+00:00,esp_outdoor,30.86,102702.34,17.93,3.99,4.36
2025-03-04T10:07:08+00:00,esp_outdoor,28.92,102693.14,18.26,4.05,4.41
2025-03-04T10:17:09+00:00,esp_outdoor,28.35,102699.14,18.24,4.05,4.41
2025-03-04T10:27:12+00:00,esp_outdoor,28.63,102690.16,18.88,3.99,4.37
2025-03-04T10:37:15+00:00,esp_outdoor,29.05,102691.19,16.58,4.01,4.39
2025-03-04T10:47:16+00:00,esp_outdoor,27.37,102683.56,18.46,4.05,4.35
2025-03-04T10:57:19+00:00,esp_outdoor,28.52,102673.38,19.78,4,4.37
2025-03-04T11:07:22+00:00,esp_outdoor,28.1,102661.34,20.41,4.06,4.34
2025-03-04T11:17:24+00:00,esp_outdoor,28.92,102655.73,19.87,4.06,4.38
2025-03-04T11:27:27+00:00,esp_outdoor,28.34,102643.41,17.5,4.02,4.43
2025-03-04T11:37:28+00:00,esp_outdoor,29.35,102634.4,18.82,4.02,4.41
2025-03-04T11:47:31+00:00,esp_outdoor,26.92,102620,18.94,3.99,4.37
2025-03-04T11:57:33+00:00,esp_outdoor,26.93,102602.11,19.15,4.06,4.39
2025-03-04T12:07:35+00:00,esp_outdoor,27.05,102594.88,18.14,4.06,4.43
2025-03-04T12:17:35+00:00,esp_outdoor,31.27,102576.07,18.82,3.99,4.39
2025-03-04T12:27:37+00:00,esp_outdoor,27.93,102564.39,18.81,4.01,4.4
2025-03-04T12:37:39+00:00,esp_outdoor,28.48,102555.44,19.5,4.06,4.38
2025-03-04T12:47:41+00:00,esp_outdoor,29.79,102552.66,18.14,4.06,4.45
2025-03-04T12:57:40+00:00,esp_outdoor,31.7,102542.27,18.77,4.05,4.44
2025-03-04T13:07:42+00:00,esp_outdoor,32.6,102543.31,18.34,4.05,4.39
2025-03-04T13:17:41+00:00,esp_outdoor,32.33,102534.27,17.67,3.99,4.18
2025-03-04T13:27:42+00:00,esp_outdoor,31.73,102525.89,17.66,4.04,4.23
2025-03-04T13:37:43+00:00,esp_outdoor,32.59,102522.73,17.15,4.02,4.22
2025-03-04T13:47:44+00:00,esp_outdoor,30.95,102517.31,17.2,4.04,4.21
2025-03-04T13:57:45+00:00,esp_outdoor,31.2,102504.36,17.41,4.04,4.2
2025-03-04T14:07:47+00:00,esp_outdoor,30.75,102493.31,17.25,3.99,4.2
2025-03-04T14:17:48+00:00,esp_outdoor,32.08,102493.92,17.32,3.98,4.14
2025-03-04T14:27:49+00:00,esp_outdoor,32.48,102487.26,17,4.02,4.16
2025-03-04T14:37:51+00:00,esp_outdoor,34.73,102482.21,16.76,4,4.18
2025-03-04T14:47:53+00:00,esp_outdoor,33.49,102471.68,16.55,4.03,4.18
2025-03-04T14:57:54+00:00,esp_outdoor,34.32,102474.45,16.56,4.03,4.13
2025-03-04T15:07:54+00:00,esp_outdoor,33.71,102473.7,16.36,3.98,4.12
2025-03-04T15:17:55+00:00,esp_outdoor,34.04,102468.94,16.17,4.04,4.15
2025-03-04T15:27:56+00:00,esp_outdoor,35.65,102461.42,16.32,3.98,4.12
2025-03-04T15:37:57+00:00,esp_outdoor,38.28,102461.16,16.15,4.04,4.13
2025-03-04T15:47:59+00:00,esp_outdoor,39.27,102458.81,15.94,4.04,4.13
2025-03-04T15:58:01+00:00,esp_outdoor,40.68,102453.42,15.95,3.98,4.08
2025-03-04T16:08:01+00:00,esp_outdoor,41.89,102456.41,15.68,4.03,4.08
2025-03-04T16:18:02+00:00,esp_outdoor,44.56,102448.55,15.39,4.04,4.08
2025-03-04T16:28:04+00:00,esp_outdoor,48.9,102460.27,14.74,4.03,4.12
2025-03-04T16:38:04+00:00,esp_outdoor,51.98,102465.28,14.15,4.03,4.09
2025-03-04T16:48:06+00:00,esp_outdoor,52.96,102469.54,13.74,4.03,4.11
2025-03-04T16:58:06+00:00,esp_outdoor,56.27,102480.36,13.23,4.03,4.12
2025-03-04T17:08:07+00:00,esp_outdoor,59.45,102503.99,12.24,4.03,2.98
2025-03-04T17:18:08+00:00,esp_outdoor,57.66,102517.23,11.53,4.03,1.12
2025-03-04T17:28:09+00:00,esp_outdoor,59.78,102530.39,10.95,3.97,0.2
2025-03-04T17:38:10+00:00,esp_outdoor,66.7,102552.39,10.47,4.03,0.04
2025-03-04T17:48:11+00:00,esp_outdoor,70.02,102562.36,10.03,4.03,0.02
2025-03-04T17:58:11+00:00,esp_outdoor,71.73,102561.33,9.66,4.03,0.03
2025-03-04T18:08:11+00:00,esp_outdoor,72.58,102562.52,9.54,3.96,0
2025-03-04T18:18:11+00:00,esp_outdoor,73.11,102566.69,9.37,4.02,0.02
2025-03-04T18:28:12+00:00,esp_outdoor,74.19,102584.64,9.29,4.03,0.02
2025-03-04T18:38:13+00:00,esp_outdoor,77.01,102587.7,9.22,3.98,0
2025-03-04T18:48:15+00:00,esp_outdoor,79.05,102598.7,9.07,4.03,0.01
2025-03-04T18:58:15+00:00,esp_outdoor,80.96,102611.38,8.96,4.03,0.01
2025-03-04T19:08:16+00:00,esp_outdoor,82.57,102622.67,8.76,4.03,0.01
2025-03-04T19:18:18+00:00,esp_outdoor,83.76,102626.41,8.75,4.01,0
2025-03-04T19:28:19+00:00,esp_outdoor,84.5,102635.83,8.79,3.96,0
2025-03-04T19:38:19+00:00,esp_outdoor,85.56,102645.2,8.8,3.97,0
2025-03-04T19:48:20+00:00,esp_outdoor,86.31,102653.59,8.65,4.02,0.01
2025-03-04T19:58:19+00:00,esp_outdoor,87.79,102659.64,8.69,4.03,0.01
2025-03-04T20:08:20+00:00,esp_outdoor,89.92,102662.34,8.77,3.97,0.01
2025-03-04T20:18:25+00:00,esp_outdoor,88.51,102668.48,9.25,3.95,0
2025-03-04T20:28:23+00:00,esp_outdoor,87.82,102666.22,8.78,3.96,0
2025-03-04T20:38:23+00:00,esp_outdoor,90.71,102673.91,8.3,3.98,0
2025-03-04T20:48:29+00:00,esp_outdoor,90.51,102687.07,7.99,3.95,0
2025-03-04T20:59:35+00:00,esp_outdoor,90.47,102681.31,7.78,3.94,0
2025-03-04T21:09:32+00:00,esp_outdoor,94.45,102684.48,7.46,3.96,0
2025-03-04T21:19:37+00:00,esp_outdoor,95.73,102691.01,7.29,4.02,0.01
2025-03-04T21:29:38+00:00,esp_outdoor,97.26,102701.05,6.93,4.02,0.01
2025-03-04T21:40:49+00:00,esp_outdoor,99.32,102702.94,6.68,3.95,0
2025-03-04T21:50:47+00:00,esp_outdoor,100,102704.88,6.47,4.02,0.01
2025-03-04T22:00:50+00:00,esp_outdoor,92.81,102693.11,6.55,3.95,0
2025-03-04T22:10:49+00:00,esp_outdoor,83.65,102690.91,6.79,3.95,0
2025-03-04T22:20:47+00:00,esp_outdoor,81.56,102708.37,6.9,4.02,0.01
2025-03-04T22:30:47+00:00,esp_outdoor,82.87,102713.95,6.56,4.02,0
2025-03-04T22:40:48+00:00,esp_outdoor,80.13,102718.81,6.43,3.96,0
2025-03-04T22:50:46+00:00,esp_outdoor,78.5,102723.22,6.35,4.02,0.01
2025-03-04T23:00:48+00:00,esp_outdoor,76.11,102719.44,6.25,4.02,0.01
2025-03-04T23:10:48+00:00,esp_outdoor,76.94,102721.11,5.98,4.02,0.01
2025-03-04T23:20:49+00:00,esp_outdoor,77,102728.22,5.79,4,0.01
2025-03-04T23:30:50+00:00,esp_outdoor,75.16,102718.96,6.07,3.96,0.01
2025-03-04T23:40:50+00:00,esp_outdoor,80.92,102729.52,5.44,3.98,0
2025-03-04T23:50:51+00:00,esp_outdoor,83.5,102736.06,5.08,4.01,0.01
2025-03-05T00:00:52+00:00,esp_outdoor,84.55,102734.66,4.85,4.01,0.01
2025-03-05T00:10:53+00:00,esp_outdoor,85.31,102729.47,4.7,3.95,0
2025-03-05T00:20:53+00:00,esp_outdoor,84.62,102740.52,4.78,4.01,0.01
2025-03-05T00:30:54+00:00,esp_outdoor,85.79,102745.7,4.6,4.01,0.01
2025-03-05T00:40:54+00:00,esp_outdoor,86.04,102734.86,4.46,3.99,0.01
2025-03-05T00:50:55+00:00,esp_outdoor,86.82,102731.81,4.21,3.96,0.01
2025-03-05T01:00:56+00:00,esp_outdoor,87.28,102725.93,4.1,4.01,0.01
2025-03-05T01:10:57+00:00,esp_outdoor,86.12,102728.62,4.23,3.96,0.01
2025-03-05T01:20:59+00:00,esp_outdoor,82.16,102722.73,4.51,3.94,0
2025-03-05T01:30:59+00:00,esp_outdoor,81.08,102712.19,4.49,4.01,0.01
2025-03-05T01:41:00+00:00,esp_outdoor,82.68,102710.42,4.18,4.01,0.01
2025-03-05T01:51:01+00:00,esp_outdoor,80.52,102712.28,4.3,4.01,0.01
2025-03-05T02:01:02+00:00,esp_outdoor,81.38,102709.56,4.25,3.95,0
2025-03-05T02:11:03+00:00,esp_outdoor,79.81,102718.09,4.43,3.95,0.01
2025-03-05T02:21:03+00:00,esp_outdoor,80.02,102715.05,4.19,3.94,0
2025-03-05T02:31:03+00:00,esp_outdoor,82.35,102723.19,3.85,4.01,0.01
2025-03-05T02:41:04+00:00,esp_outdoor,80.88,102709.89,4,4.01,0.01
2025-03-05T02:51:05+00:00,esp_outdoor,80.94,102713.42,3.91,3.94,0
2025-03-05T03:01:07+00:00,esp_outdoor,82.18,102716.78,3.57,4.01,0.01
2025-03-05T03:11:08+00:00,esp_outdoor,80.84,102727.88,3.75,4.01,0.01
2025-03-05T03:21:09+00:00,esp_outdoor,79.27,102727.21,3.83,3.97,0.01
2025-03-05T03:31:10+00:00,esp_outdoor,78.95,102718.27,3.79,4.01,0
2025-03-05T03:41:11+00:00,esp_outdoor,74.96,102714.19,4.29,4.01,0.01
2025-03-05T03:51:13+00:00,esp_outdoor,73.18,102710.56,4.62,4.01,0.01
2025-03-05T04:01:13+00:00,esp_outdoor,74.22,102714.58,4.45,4.01,0.01
2025-03-05T04:11:14+00:00,esp_outdoor,73.83,102721.12,4.38,4.01,0.01
2025-03-05T04:21:15+00:00,esp_outdoor,75.02,102721.02,4.17,3.93,0
2025-03-05T04:31:16+00:00,esp_outdoor,73.6,102709.03,4.2,4.01,0.01
2025-03-05T04:41:17+00:00,esp_outdoor,73.81,102716.1,4.16,3.98,0
2025-03-05T04:51:18+00:00,esp_outdoor,73.56,102728.22,4.14,4.02,0.02
2025-03-05T05:01:19+00:00,esp_outdoor,73.05,102730.05,4.21,4.01,0.14
2025-03-05T05:11:20+00:00,esp_outdoor,74.37,102739.28,3.91,4,0.88
2025-03-05T05:21:21+00:00,esp_outdoor,74.75,102731.38,3.77,3.94,2.69
2025-03-05T05:31:21+00:00,esp_outdoor,75.81,102734.41,3.62,4.01,4.07
2025-03-05T05:41:23+00:00,esp_outdoor,76.19,102735.16,3.59,4.01,4.07
2025-03-05T05:51:23+00:00,esp_outdoor,76.38,102743.1,3.58,4.01,4.09
2025-03-05T06:01:24+00:00,esp_outdoor,76.06,102759.09,3.72,4,4.04
2025-03-05T06:11:25+00:00,esp_outdoor,74.72,102773.59,4.03,4.01,4.09
2025-03-05T06:21:26+00:00,esp_outdoor,74.49,102779.83,4.21,3.94,4.03
2025-03-05T06:31:26+00:00,esp_outdoor,75.4,102786.42,4.26,3.94,4.03
2025-03-05T06:41:27+00:00,esp_outdoor,71.7,102792.27,5.03,4.01,4.1
2025-03-05T06:51:29+00:00,esp_outdoor,69.23,102788.78,5.75,4.01,4.09
2025-03-05T07:01:30+00:00,esp_outdoor,66.85,102806.62,6.58,3.95,4.07
2025-03-05T07:11:32+00:00,esp_outdoor,67.31,102816.59,7.04,4.02,4.11
2025-03-05T07:21:33+00:00,esp_outdoor,67.69,102824,7.56,3.96,4.08
2025-03-05T07:31:34+00:00,esp_outdoor,66.68,102828.81,8.22,3.98,4.11
2025-03-05T07:41:37+00:00,esp_outdoor,57.92,102828.52,10.23,3.97,4.27
2025-03-05T07:51:40+00:00,esp_outdoor,52.16,102840.42,12.05,4.03,4.3
2025-03-05T08:01:43+00:00,esp_outdoor,48.62,102841.41,12.81,4.03,4.29
2025-03-05T08:11:45+00:00,esp_outdoor,46.84,102846.32,13.92,3.99,4.33
2025-03-05T08:21:47+00:00,esp_outdoor,44.54,102855.26,14.41,4.04,4.35
2025-03-05T08:31:51+00:00,esp_outdoor,44.26,102863.3,15.6,3.98,4.32
2025-03-05T08:41:51+00:00,esp_outdoor,43.01,102869.57,15.19,4.04,4.39
2025-03-05T08:51:53+00:00,esp_outdoor,41.19,102867.73,15.04,3.98,4.35
2025-03-05T09:01:54+00:00,esp_outdoor,40.59,102862.55,15.39,3.99,4.35
2025-03-05T09:11:57+00:00,esp_outdoor,43.47,102864.48,16.24,3.99,4.35
2025-03-05T09:22:00+00:00,esp_outdoor,38.09,102865.27,16.01,4.04,4.42
2025-03-05T09:32:01+00:00,esp_outdoor,36.81,102871.69,16.54,4.04,4.42
2025-03-05T09:42:03+00:00,esp_outdoor,35.96,102872.45,17.4,4.05,4.41
2025-03-05T09:52:05+00:00,esp_outdoor,36.9,102881.05,16.58,4.05,4.44
2025-03-05T10:02:07+00:00,esp_outdoor,35.95,102877.64,16.68,3.99,4.39
2025-03-05T10:12:10+00:00,esp_outdoor,37.99,102873.52,17.95,4.05,4.41
2025-03-05T10:22:12+00:00,esp_outdoor,34.34,102872.47,17.98,4.05,4.42
2025-03-05T10:32:15+00:00,esp_outdoor,36,102870.94,16.85,3.99,4.4
2025-03-05T10:42:17+00:00,esp_outdoor,33.9,102871.27,17.2,4.01,4.43
2025-03-05T10:52:19+00:00,esp_outdoor,34.18,102869.33,17.26,4.05,4.43
2025-03-05T11:02:21+00:00,esp_outdoor,35.67,102865.8,18.29,4.05,4.38
2025-03-05T11:12:23+00:00,esp_outdoor,36.97,102855.91,16.74,4.05,4.43
2025-03-05T11:22:26+00:00,esp_outdoor,35.41,102849.39,17.37,4.01,4.42
2025-03-05T11:32:28+00:00,esp_outdoor,34.1,102842.82,16.71,4.02,4.46
2025-03-05T11:42:30+00:00,esp_outdoor,33.5,102835.02,17.04,4.05,4.46
2025-03-05T11:52:32+00:00,esp_outdoor,35.22,102835.27,16.76,3.99,4.49
2025-03-05T12:02:33+00:00,esp_outdoor,33.97,102828.27,17.03,3.99,4.48
2025-03-05T12:12:35+00:00,esp_outdoor,39.84,102819.91,17.26,4.03,4.45
2025-03-05T12:22:34+00:00,esp_outdoor,42.03,102807.78,16.66,4.05,4.51
2025-03-05T12:32:35+00:00,esp_outdoor,39.12,102808.51,16.21,4.05,4.47
2025-03-05T12:42:35+00:00,esp_outdoor,35.08,102797.5,17.14,4.05,4.5
2025-03-05T12:52:37+00:00,esp_outdoor,39.13,102794.44,16.99,3.97,4.48
2025-03-05T13:02:37+00:00,esp_outdoor,39.73,102789.16,16.54,3.99,4.47
2025-03-05T13:12:37+00:00,esp_outdoor,38.8,102781.84,16.3,4.04,4.29
2025-03-05T13:22:36+00:00,esp_outdoor,37.17,102772.43,16.22,3.99,4.26
2025-03-05T13:32:39+00:00,esp_outdoor,39.09,102766.67,16.15,4.04,4.26
2025-03-05T13:42:38+00:00,esp_outdoor,38.71,102760.55,16.2,4.04,4.25
2025-03-05T13:52:39+00:00,esp_outdoor,39.73,102756.22,16.21,4.04,4.26
2025-03-05T14:02:39+00:00,esp_outdoor,38.51,102744.7,16.12,3.98,4.22
2025-03-05T14:12:38+00:00,esp_outdoor,36.21,102745.17,16.17,4.04,4.24
2025-03-05T14:22:40+00:00,esp_outdoor,34.81,102740.34,16.13,3.98,4.22
2025-03-05T14:32:42+00:00,esp_outdoor,41.1,102736.69,16.27,4.03,4.2
2025-03-05T14:42:43+00:00,esp_outdoor,43.33,102730.48,16.27,4.03,4.25
2025-03-05T14:52:45+00:00,esp_outdoor,44.38,102727.41,16.19,4.04,4.24
2025-03-05T15:02:46+00:00,esp_outdoor,43.56,102717.83,16.12,4.04,4.21
2025-03-05T15:12:51+00:00,esp_outdoor,42.47,102712.44,16.12,3.97,4.18
2025-03-05T15:22:47+00:00,esp_outdoor,42.16,102708.25,16.12,4.03,4.16
2025-03-05T15:32:50+00:00,esp_outdoor,46.09,102707.3,16.02,4.03,4.2
2025-03-05T15:42:49+00:00,esp_outdoor,46.75,102708,15.84,4.02,4.16
2025-03-05T15:52:51+00:00,esp_outdoor,48.51,102705.26,15.69,4.03,4.16
2025-03-05T16:02:52+00:00,esp_outdoor,50.44,102720.05,15.41,3.97,4.09
2025-03-05T16:13:56+00:00,esp_outdoor,50.46,102725.33,15.27,3.97,4.07
2025-03-05T16:23:55+00:00,esp_outdoor,52.48,102733.67,14.87,3.98,4.09
2025-03-05T16:33:56+00:00,esp_outdoor,53.78,102736.71,14.4,4.03,4.12
2025-03-05T16:43:56+00:00,esp_outdoor,55.68,102751.66,13.71,4.03,4.12
2025-03-05T16:53:57+00:00,esp_outdoor,56.77,102764.33,13.07,3.99,4.07
2025-03-05T17:03:58+00:00,esp_outdoor,59.01,102766.56,12.45,4.03,4.03
2025-03-05T17:15:05+00:00,esp_outdoor,64.3,102776.33,11.72,4.01,2.14
2025-03-05T17:25:03+00:00,esp_outdoor,69.33,102787.22,11.18,4.03,0.64
2025-03-05T17:35:04+00:00,esp_outdoor,70.26,102795.61,10.71,3.97,0.09
2025-03-05T17:45:05+00:00,esp_outdoor,71.72,102802.44,10.31,4.03,0.03
2025-03-05T17:55:05+00:00,esp_outdoor,74.08,102814.81,9.74,4.03,0.02
2025-03-05T18:05:06+00:00,esp_outdoor,76.8,102820.06,9.67,4.02,0.01
2025-03-05T18:15:06+00:00,esp_outdoor,80.03,102828.02,9.51,4.01,0.02
2025-03-05T18:25:06+00:00,esp_outdoor,80.67,102830.28,9.39,4.02,0.02
2025-03-05T18:35:05+00:00,esp_outdoor,85.7,102831.39,9.1,3.97,0.02
2025-03-05T18:45:06+00:00,esp_outdoor,87.75,102825.6,9.19,3.96,0
2025-03-05T18:55:07+00:00,esp_outdoor,89.42,102822.94,9.24,4.02,0.01
2025-03-05T19:05:07+00:00,esp_outdoor,89.66,102824.41,8.95,3.96,0
2025-03-05T19:15:08+00:00,esp_outdoor,92.98,102834.45,8.84,4.02,0.01
2025-03-05T19:25:09+00:00,esp_outdoor,96.08,102836.64,8.73,3.97,0
2025-03-05T19:35:10+00:00,esp_outdoor,94.77,102836.62,8.64,4.02,0.03
2025-03-05T19:45:10+00:00,esp_outdoor,95.59,102839.27,8.56,3.97,0
2025-03-05T19:55:11+00:00,esp_outdoor,98.65,102841.62,8.47,3.95,0
2025-03-05T20:05:12+00:00,esp_outdoor,97.96,102852.56,8.22,4.02,0.01
2025-03-05T20:15:13+00:00,esp_outdoor,97.46,102868.73,7.93,3.95,0
2025-03-05T20:25:14+00:00,esp_outdoor,96.65,102883.56,7.5,4.02,0.01
2025-03-05T20:35:15+00:00,esp_outdoor,96.87,102895.88,7.33,3.96,0.02
2025-03-05T20:45:17+00:00,esp_outdoor,98.73,102891.31,7.09,4.01,0.02
2025-03-05T20:55:18+00:00,esp_outdoor,99.95,102892.06,7.12,3.96,0
2025-03-05T21:05:18+00:00,esp_outdoor,99.1,102891.31,7.09,4.01,0.01
2025-03-05T21:15:20+00:00,esp_outdoor,98.96,102879.92,6.94,3.95,0
2025-03-05T21:25:17+00:00,esp_outdoor,100,102883.59,6.89,4.02,0.01
2025-03-05T21:35:18+00:00,esp_outdoor,99.48,102887.7,6.76,4.02,0.01
2025-03-05T21:45:19+00:00,esp_outdoor,100,102886.19,6.78,3.98,0
2025-03-05T21:55:20+00:00,esp_outdoor,100,102890.41,6.67,4.02,0.01
2025-03-05T22:05:22+00:00,esp_outdoor,100,102891.52,6.66,4.01,0.01
2025-03-05T22:15:22+00:00,esp_outdoor,99.95,102888.06,6.52,4.02,0.01
2025-03-05T22:25:23+00:00,esp_outdoor,100,102891.38,6.28,4.01,0.01
2025-03-05T22:35:24+00:00,esp_outdoor,100,102887.78,6.14,3.95,0
2025-03-05T22:45:24+00:00,esp_outdoor,99.54,102884.63,6.1,3.98,0.01
2025-03-05T22:55:24+00:00,esp_outdoor,99.1,102885.53,6.12,4.01,0.01
2025-03-05T23:05:24+00:00,esp_outdoor,96.3,102885.66,6.01,4.01,0.01
2025-03-05T23:15:26+00:00,esp_outdoor,94.76,102886.77,6,4,0
2025-03-05T23:25:27+00:00,esp_outdoor,96.1,102887.83,5.82,4.01,0.01
2025-03-05T23:35:29+00:00,esp_outdoor,96.69,102889.55,5.57,3.95,0
2025-03-05T23:45:29+00:00,esp_outdoor,97.5,102885.8,5.44,4.01,0.01
2025-03-05T23:55:29+00:00,esp_outdoor,100,102883.66,5.09,4.02,0.01
2025-03-06T00:05:31+00:00,esp_outdoor,100,102886.92,4.87,3.95,0
2025-03-06T00:15:31+00:00,esp_outdoor,99.78,102886.97,4.68,4.01,0.01
2025-03-06T00:25:32+00:00,esp_outdoor,98.22,102878.95,4.59,4,0.01
2025-03-06T00:35:34+00:00,esp_outdoor,97.12,102875.86,4.51,4.02,0
2025-03-06T00:45:35+00:00,esp_outdoor,96.72,102867.61,4.36,4.01,0.01
2025-03-06T00:55:38+00:00,esp_outdoor,95.41,102869.22,4.38,3.95,0.01
2025-03-06T01:05:37+00:00,esp_outdoor,95.84,102861.8,4.26,4.01,0.01
2025-03-06T01:15:38+00:00,esp_outdoor,95.42,102859.21,4.03,3.95,0.01
2025-03-06T01:25:39+00:00,esp_outdoor,93.19,102861.77,4.04,3.95,0.01
2025-03-06T01:35:40+00:00,esp_outdoor,92.66,102862.93,4.03,4.01,0.01
2025-03-06T01:45:41+00:00,esp_outdoor,91.44,102855.52,4.1,3.99,0
2025-03-06T01:55:43+00:00,esp_outdoor,90.41,102859.73,4.03,3.99,0.01
2025-03-06T02:05:43+00:00,esp_outdoor,91.83,102851.47,3.76,4.01,0
2025-03-06T02:15:44+00:00,esp_outdoor,92.05,102850.69,3.67,3.98,0
2025-03-06T02:25:45+00:00,esp_outdoor,91.98,102852.02,3.66,4.01,0.01
2025-03-06T02:35:46+00:00,esp_outdoor,91.38,102843.32,3.56,4.01,0.01
2025-03-06T02:45:48+00:00,esp_outdoor,91.51,102845.21,3.43,4.01,0.01
2025-03-06T02:55:49+00:00,esp_outdoor,91.39,102841.88,3.39,3.95,0
2025-03-06T03:05:50+00:00,esp_outdoor,91.27,102847.36,3.27,4.01,0.01
2025-03-06T03:15:51+00:00,esp_outdoor,92.55,102850.31,3.05,4.01,0.01
2025-03-06T03:25:52+00:00,esp_outdoor,92.41,102844.52,3.08,3.95,0.01
2025-03-06T03:35:54+00:00,esp_outdoor,91.24,102841.91,3.2,3.94,0
2025-03-06T03:45:54+00:00,esp_outdoor,85.13,102836.13,4.1,3.95,0
2025-03-06T03:55:55+00:00,esp_outdoor,81.21,102823.65,4.69,3.99,0.01
2025-03-06T04:05:56+00:00,esp_outdoor,79.61,102822.88,4.78,3.94,0
2025-03-06T04:15:56+00:00,esp_outdoor,79.48,102816.84,4.68,3.95,0.01
2025-03-06T04:25:56+00:00,esp_outdoor,82.26,102822.11,4.23,3.99,0.01
2025-03-06T04:35:56+00:00,esp_outdoor,82.76,102826.55,4.12,4,0.01
2025-03-06T04:45:57+00:00,esp_outdoor,82.73,102823.66,4.09,3.95,0.01
2025-03-06T04:55:58+00:00,esp_outdoor,82.15,102813.29,4.11,3.97,0.08
2025-03-06T05:05:58+00:00,esp_outdoor,84.46,102811.72,3.59,4,0.5
2025-03-06T05:15:59+00:00,esp_outdoor,88.23,102812.67,2.92,4.01,2.03
2025-03-06T05:25:59+00:00,esp_outdoor,89.76,102814.42,2.72,4.01,3.9
2025-03-06T05:36:00+00:00,esp_outdoor,91.22,102823.08,2.51,3.96,4.08
2025-03-06T05:46:01+00:00,esp_outdoor,92.72,102820.64,2.44,3.94,4.03
2025-03-06T05:56:01+00:00,esp_outdoor,92.19,102830.47,2.5,3.93,4.03
2025-03-06T06:06:03+00:00,esp_outdoor,91.46,102837.39,2.68,4.01,4.1
2025-03-06T06:16:04+00:00,esp_outdoor,90.2,102843.67,2.89,3.96,4.1
2025-03-06T06:26:04+00:00,esp_outdoor,88.06,102843.94,3.29,3.96,4.36
2025-03-06T06:36:05+00:00,esp_outdoor,84.89,102840.89,3.95,4.01,4.46
2025-03-06T06:46:07+00:00,esp_outdoor,80.96,102850.14,4.59,4.01,4.46
2025-03-06T06:56:09+00:00,esp_outdoor,77.93,102845.08,5.13,4.02,4.54
2025-03-06T07:06:11+00:00,esp_outdoor,76.81,102858.02,5.55,4.03,4.63
2025-03-06T07:16:13+00:00,esp_outdoor,75.44,102854.49,6.16,4.02,4.64
2025-03-06T07:26:15+00:00,esp_outdoor,75.28,102853.9,6.88,4.03,4.65
2025-03-06T07:36:16+00:00,esp_outdoor,71.73,102844.71,7.92,3.96,4.36
2025-03-06T07:46:20+00:00,esp_outdoor,63.47,102848.08,10.37,4.03,4.34
2025-03-06T07:56:23+00:00,esp_outdoor,60.06,102849.52,11.52,3.97,4.34
2025-03-06T08:06:25+00:00,esp_outdoor,56.26,102841.09,13.13,4.04,4.38
2025-03-06T08:16:28+00:00,esp_outdoor,47.97,102850.47,13.71,4.04,4.38
2025-03-06T08:26:28+00:00,esp_outdoor,55,102849.19,13.35,4.04,4.37
2025-03-06T08:36:30+00:00,esp_outdoor,51.4,102857.09,13.01,4.02,4.36
2025-03-06T08:46:32+00:00,esp_outdoor,52.13,102845.14,13.74,4.04,4.41
2025-03-06T08:56:36+00:00,esp_outdoor,47.88,102848.98,15.04,4.05,4.42
2025-03-06T09:06:37+00:00,esp_outdoor,49.02,102847.06,14.35,4.05,4.42
2025-03-06T09:16:41+00:00,esp_outdoor,51.33,102856.94,13.98,4.05,4.41
2025-03-06T09:26:40+00:00,esp_outdoor,49.83,102854.78,15.08,4.04,4.37
2025-03-06T09:36:44+00:00,esp_outdoor,49.83,102854.17,15.01,3.99,4.39
2025-03-06T09:46:45+00:00,esp_outdoor,48.04,102850.68,15.79,4.05,4.42
2025-03-06T09:56:46+00:00,esp_outdoor,45.75,102852.47,16.65,3.99,4.37
2025-03-06T10:06:47+00:00,esp_outdoor,41.6,102848.17,16.1,3.99,4.39
2025-03-06T10:16:49+00:00,esp_outdoor,42.84,102848.93,15.85,4.05,4.4
2025-03-06T10:26:49+00:00,esp_outdoor,43.41,102844.55,16.29,4.05,4.44
2025-03-06T10:36:50+00:00,esp_outdoor,40.36,102841.27,16.63,3.99,4.42
2025-03-06T10:46:52+00:00,esp_outdoor,41.06,102835.42,17.12,4.05,4.45
2025-03-06T10:56:55+00:00,esp_outdoor,41.33,102834.09,17.32,4.02,4.41
2025-03-06T11:06:58+00:00,esp_outdoor,42.52,102820.5,17.11,4.05,4.48
2025-03-06T11:16:59+00:00,esp_outdoor,36.67,102809.39,17.32,4.05,4.43
2025-03-06T11:26:59+00:00,esp_outdoor,37.91,102801.3,17.02,3.99,4.46
2025-03-06T11:37:01+00:00,esp_outdoor,39.92,102789.56,17.3,3.99,4.43
2025-03-06T11:47:01+00:00,esp_outdoor,40.24,102778.12,16.88,3.99,4.43
2025-03-06T11:57:03+00:00,esp_outdoor,40.75,102767.88,16.63,4.05,4.48
2025-03-06T12:07:05+00:00,esp_outdoor,39.93,102747.68,17.13,3.99,4.43
2025-03-06T12:17:08+00:00,esp_outdoor,36.87,102738.69,17.49,3.99,4.43
2025-03-06T12:27:09+00:00,esp_outdoor,37.34,102730.52,17.59,3.99,4.46
2025-03-06T12:37:11+00:00,esp_outdoor,38.04,102715.79,17.53,3.99,4.44
2025-03-06T12:47:14+00:00,esp_outdoor,38.96,102702.95,17.67,4.05,4.47
2025-03-06T12:57:16+00:00,esp_outdoor,40.42,102695,17.06,4.05,4.48
2025-03-06T13:07:17+00:00,esp_outdoor,40.13,102687.7,16.26,3.99,4.47
2025-03-06T13:17:17+00:00,esp_outdoor,42.84,102681.94,16.58,4.04,4.28
2025-03-06T13:27:17+00:00,esp_outdoor,44.38,102671.99,16.44,4.04,4.26
2025-03-06T13:37:19+00:00,esp_outdoor,42.98,102659.56,16.35,3.98,4.22
2025-03-06T13:47:19+00:00,esp_outdoor,44.6,102651.15,16.38,3.98,4.2
2025-03-06T13:57:19+00:00,esp_outdoor,43.5,102639.22,16.4,4.03,4.23
2025-03-06T14:07:20+00:00,esp_outdoor,41.43,102632.42,16.25,4.02,4.23
2025-03-06T14:17:22+00:00,esp_outdoor,43.24,102625.12,16.25,4.04,4.24
2025-03-06T14:27:23+00:00,esp_outdoor,41.64,102608.73,16.21,4.04,4.24
2025-03-06T14:37:24+00:00,esp_outdoor,40.93,102601.29,16.12,4.03,4.22
2025-03-06T14:47:26+00:00,esp_outdoor,41.4,102599.16,16.15,4.03,4.17
2025-03-06T14:57:27+00:00,esp_outdoor,41.42,102595.77,16.08,3.98,4.21
2025-03-06T15:07:29+00:00,esp_outdoor,40.96,102591.12,15.7,4.03,4.24
2025-03-06T15:17:30+00:00,esp_outdoor,42.77,102598.39,15.5,4.03,4.17
2025-03-06T15:27:30+00:00,esp_outdoor,47.14,102590.8,15.04,4.02,4.19
2025-03-06T15:37:31+00:00,esp_outdoor,49.97,102596.88,14.48,4.03,4.17
2025-03-06T15:47:32+00:00,esp_outdoor,50.31,102597.59,14.19,4.03,4.1
2025-03-06T15:57:33+00:00,esp_outdoor,51.06,102601.16,13.87,4.03,4.12
2025-03-06T16:07:34+00:00,esp_outdoor,53.75,102606.45,13.6,3.97,4.08
2025-03-06T16:17:34+00:00,esp_outdoor,59.45,102612.08,13.42,3.97,4.06
2025-03-06T16:27:35+00:00,esp_outdoor,62.2,102612.16,13.1,3.97,4.07
2025-03-06T16:37:37+00:00,esp_outdoor,64.75,102613.22,12.63,3.97,4.06
2025-03-06T16:47:39+00:00,esp_outdoor,67.87,102620.19,12.22,3.97,4.06
2025-03-06T16:57:39+00:00,esp_outdoor,71.83,102624.59,11.89,4.03,4.11
2025-03-06T17:07:39+00:00,esp_outdoor,76.21,102626.36,11.42,4.03,3.49
2025-03-06T17:17:39+00:00,esp_outdoor,79.29,102628.38,11.08,3.96,1.49
2025-03-06T17:27:43+00:00,esp_outdoor,80.68,102636.31,10.68,3.97,0.38
2025-03-06T17:37:40+00:00,esp_outdoor,84.54,102648.8,10.39,4.03,0.2
2025-03-06T17:47:40+00:00,esp_outdoor,87.35,102661.11,10.02,3.96,0.01
2025-03-06T17:57:42+00:00,esp_outdoor,90.87,102660.32,9.88,4.02,0.02
2025-03-06T18:07:44+00:00,esp_outdoor,94.64,102666.55,9.66,4.02,0.04
2025-03-06T18:17:53+00:00,esp_outdoor,96.18,102670.38,9.25,3.96,0.01
2025-03-06T18:27:54+00:00,esp_outdoor,98.99,102672.84,9.32,3.95,0.01
2025-03-06T18:41:10+00:00,esp_outdoor,94.14,102673.28,9.09,3.95,0
2025-03-06T18:51:05+00:00,esp_outdoor,99.83,102673.73,8.91,3.95,0
2025-03-06T19:01:02+00:00,esp_outdoor,100,102678.38,8.93,4.02,0.02
2025-03-06T19:11:04+00:00,esp_outdoor,100,102677.72,8.93,3.95,0
2025-03-06T19:21:06+00:00,esp_outdoor,100,102680.78,8.77,4.02,0.02
2025-03-06T19:31:06+00:00,esp_outdoor,100,102681,8.47,3.96,0
2025-03-06T19:41:07+00:00,esp_outdoor,100,102679.59,8.29,3.96,0
2025-03-06T19:51:07+00:00,esp_outdoor,100,102675.7,7.87,4.01,0
2025-03-06T20:01:08+00:00,esp_outdoor,100,102676.66,7.49,4.02,0.03
2025-03-06T20:11:09+00:00,esp_outdoor,100,102685.67,7.49,4.02,0.03
2025-03-06T20:21:10+00:00,esp_outdoor,100,102690.25,7.82,3.96,0.01
2025-03-06T20:31:11+00:00,esp_outdoor,100,102684.65,7.9,4.01,0.02
2025-03-06T20:41:11+00:00,esp_outdoor,100,102680.73,7.85,4.02,0.01
2025-03-06T20:51:09+00:00,esp_outdoor,100,102681.98,7.6,4.02,0.01
2025-03-06T21:01:09+00:00,esp_outdoor,100,102674.88,7.38,4.02,0.04
2025-03-06T21:11:10+00:00,esp_outdoor,100,102668.92,7.21,3.99,0.01
2025-03-06T21:21:10+00:00,esp_outdoor,100,102670.94,7.09,4.02,0
2025-03-06T21:31:09+00:00,esp_outdoor,100,102671.42,6.69,4.01,0.01
2025-03-06T21:41:10+00:00,esp_outdoor,100,102663.09,6.4,4.02,0.01
2025-03-06T21:51:11+00:00,esp_outdoor,100,102660.75,6.45,4.02,0.01
2025-03-06T22:01:11+00:00,esp_outdoor,100,102654.94,6.3,4.02,0.01
2025-03-06T22:11:11+00:00,esp_outdoor,100,102655.64,6.11,3.99,0
2025-03-06T22:21:11+00:00,esp_outdoor,100,102651.22,5.89,4.01,0.01
2025-03-06T22:31:13+00:00,esp_outdoor,100,102630.8,5.56,4.01,0.01
2025-03-06T22:41:14+00:00,esp_outdoor,100,102636.89,5.64,3.95,0
2025-03-06T22:51:13+00:00,esp_outdoor,100,102626.69,5.66,4.01,0.01
2025-03-06T23:01:15+00:00,esp_outdoor,100,102615.2,5.99,4.02,0.01
2025-03-06T23:11:16+00:00,esp_outdoor,94.73,102615.3,6.22,4.01,0.01
2025-03-06T23:21:16+00:00,esp_outdoor,92.07,102614.59,6.07,4.01,0.01
2025-03-06T23:31:16+00:00,esp_outdoor,91.12,102617.1,6.04,3.94,0
2025-03-06T23:41:17+00:00,esp_outdoor,96.39,102611.86,5.28,4.01,0.01
2025-03-06T23:51:15+00:00,esp_outdoor,97.77,102600.23,4.92,3.94,0
2025-03-07T00:01:15+00:00,esp_outdoor,98.57,102595.07,4.61,3.94,0
2025-03-07T00:11:15+00:00,esp_outdoor,99.89,102588.38,4.41,3.96,0
2025-03-07T00:21:15+00:00,esp_outdoor,98.36,102582.75,4.36,4.01,0.01
2025-03-07T00:31:14+00:00,esp_outdoor,99.15,102564.89,4.12,4.01,0.01
2025-03-07T00:41:15+00:00,esp_outdoor,98.72,102565.32,4.1,3.94,0
2025-03-07T00:51:15+00:00,esp_outdoor,95.73,102556.08,4.24,4.01,0.01
2025-03-07T01:01:15+00:00,esp_outdoor,94.77,102546.38,4.13,4.01,0.01
2025-03-07T01:11:17+00:00,esp_outdoor,91.34,102538.8,4.33,4.01,0.01
2025-03-07T01:21:18+00:00,esp_outdoor,85.68,102518.84,4.84,4.01,0.01
2025-03-07T01:31:18+00:00,esp_outdoor,86.6,102511.29,4.54,4.01,0.01
2025-03-07T01:41:19+00:00,esp_outdoor,86.2,102509.88,4.52,3.94,0
2025-03-07T01:51:19+00:00,esp_outdoor,86.4,102493.67,4.35,4,0.01
2025-03-07T02:01:18+00:00,esp_outdoor,87.66,102484.53,4.13,3.94,0
2025-03-07T02:11:17+00:00,esp_outdoor,88.68,102484.45,3.79,4.01,0
2025-03-07T02:21:17+00:00,esp_outdoor,92.44,102476.92,3.38,4,0.01
2025-03-07T02:31:17+00:00,esp_outdoor,93.41,102476.19,3.2,3.96,0
2025-03-07T02:41:18+00:00,esp_outdoor,93.73,102471.06,3.08,3.94,0
2025-03-07T02:51:17+00:00,esp_outdoor,91.8,102472.12,3.25,4.01,0
2025-03-07T03:01:18+00:00,esp_outdoor,90.72,102466.8,3.23,4.01,0.01
2025-03-07T03:11:18+00:00,esp_outdoor,92.02,102456.27,2.99,3.95,0.01
2025-03-07T03:21:18+00:00,esp_outdoor,91.68,102450.17,3.14,3.98,0
2025-03-07T03:31:20+00:00,esp_outdoor,88.73,102445.78,3.37,4.01,0
2025-03-07T03:41:20+00:00,esp_outdoor,87.07,102435.88,3.49,3.94,0
2025-03-07T03:51:20+00:00,esp_outdoor,85.09,102425.97,3.71,4,0.01
2025-03-07T04:01:18+00:00,esp_outdoor,84.22,102422.72,3.71,4.01,0
2025-03-07T04:11:19+00:00,esp_outdoor,83.46,102411.73,3.7,3.94,0
2025-03-07T04:21:18+00:00,esp_outdoor,84.25,102408.13,3.42,4.01,0.01
2025-03-07T04:31:18+00:00,esp_outdoor,84.82,102391.39,3.22,3.99,0.01
2025-03-07T04:41:18+00:00,esp_outdoor,83.2,102383.08,3.46,4.01,0.02
2025-03-07T04:51:20+00:00,esp_outdoor,81.77,102378.48,3.67,4.01,0.03
2025-03-07T05:01:19+00:00,esp_outdoor,81.44,102368.81,3.74,4,0.19
2025-03-07T05:11:20+00:00,esp_outdoor,82.28,102361.55,3.53,3.97,0.97
2025-03-07T05:21:18+00:00,esp_outdoor,82.42,102364.77,3.5,3.83,2.83
2025-03-07T05:31:17+00:00,esp_outdoor,83.58,102364.31,3.23,3.97,4.08
2025-03-07T05:41:18+00:00,esp_outdoor,84.77,102368.05,2.94,3.95,4.08
2025-03-07T05:51:18+00:00,esp_outdoor,85.4,102371.19,2.87,4,4.08
2025-03-07T06:01:19+00:00,esp_outdoor,85.07,102369.72,3.04,4,4.05
2025-03-07T06:11:21+00:00,esp_outdoor,84.89,102366.53,3.19,4.01,4.08
2025-03-07T06:21:21+00:00,esp_outdoor,83.22,102369.91,3.46,4.01,4.09
2025-03-07T06:31:20+00:00,esp_outdoor,83.26,102378.64,3.45,4.01,4.06
2025-03-07T06:41:22+00:00,esp_outdoor,83.61,102383.47,3.64,3.94,4.03
2025-03-07T06:51:22+00:00,esp_outdoor,82.16,102386.95,4.09,4.01,4.09
2025-03-07T07:01:23+00:00,esp_outdoor,79.46,102396.35,4.81,4.01,4.17
2025-03-07T07:11:24+00:00,esp_outdoor,76.27,102392.73,5.65,4.02,4.54
2025-03-07T07:21:25+00:00,esp_outdoor,74.11,102393.32,6.54,4.02,4.58
2025-03-07T07:31:27+00:00,esp_outdoor,68.5,102395.8,7.47,4.03,4.59
2025-03-07T07:41:30+00:00,esp_outdoor,62.68,102406.62,9.09,4.07,4.65
2025-03-07T07:51:34+00:00,esp_outdoor,56.54,102396.62,10.54,4,4.44
2025-03-07T08:01:36+00:00,esp_outdoor,53.96,102394.82,11.66,3.97,4.4
2025-03-07T08:11:38+00:00,esp_outdoor,51.51,102387.3,11.9,3.97,4.39
2025-03-07T08:21:39+00:00,esp_outdoor,48.84,102390.58,12.4,4.03,4.47
2025-03-07T08:31:41+00:00,esp_outdoor,47.17,102386.32,12.84,3.98,4.46
2025-03-07T08:41:43+00:00,esp_outdoor,43.67,102377.27,13.73,4.04,4.48
2025-03-07T08:51:46+00:00,esp_outdoor,42.92,102376.11,13.95,4.03,4.42
2025-03-07T09:01:49+00:00,esp_outdoor,39.42,102374.19,15.4,4.08,4.52
2025-03-07T09:11:51+00:00,esp_outdoor,38.81,102375.36,15.77,4.06,4.55
2025-03-07T09:21:54+00:00,esp_outdoor,40.52,102376.75,16.71,4.06,4.45
2025-03-07T09:31:57+00:00,esp_outdoor,36.31,102373.95,16.85,4.01,4.52
2025-03-07T09:41:59+00:00,esp_outdoor,34.7,102375.89,17.13,4.06,4.5
2025-03-07T09:51:59+00:00,esp_outdoor,36.12,102368.66,18.19,4.05,4.43
2025-03-07T10:02:01+00:00,esp_outdoor,35.07,102360,18.89,4.06,4.45
2025-03-07T10:12:04+00:00,esp_outdoor,35.61,102356.75,19.4,4.06,4.45
2025-03-07T10:22:06+00:00,esp_outdoor,37.5,102362.02,17.15,4,4.45
2025-03-07T10:32:08+00:00,esp_outdoor,38.82,102346.83,18.51,4.06,4.43
2025-03-07T10:42:09+00:00,esp_outdoor,36.7,102332.64,18.85,4,4.4
2025-03-07T10:52:11+00:00,esp_outdoor,36.5,102329.16,19.81,4.06,4.43
2025-03-07T11:02:13+00:00,esp_outdoor,34.54,102319.27,17.47,4.06,4.42
2025-03-07T11:12:15+00:00,esp_outdoor,34.05,102306.59,18.23,4.06,4.44
2025-03-07T11:22:17+00:00,esp_outdoor,33.52,102294.14,18.68,4.04,4.43
2025-03-07T11:32:19+00:00,esp_outdoor,32.18,102281.56,19.16,4.06,4.14
2025-03-07T11:42:19+00:00,esp_outdoor,33.26,102261.62,18.36,4.11,4.61
2025-03-07T11:52:22+00:00,esp_outdoor,29.91,102241.52,20.47,4.12,4.58
2025-03-07T12:02:26+00:00,esp_outdoor,30.13,102224.92,19.73,4,4.08
2025-03-07T12:12:28+00:00,esp_outdoor,29.63,102205.38,19.92,4.06,4.14
2025-03-07T12:22:30+00:00,esp_outdoor,32.83,102189.06,20.57,4.06,4.14
2025-03-07T12:32:32+00:00,esp_outdoor,32.99,102172.48,19.76,4,4.08
2025-03-07T12:42:30+00:00,esp_outdoor,27.34,102158.1,20.02,3.99,4.08
2025-03-07T12:52:32+00:00,esp_outdoor,27.78,102147.44,19.25,4.06,4.1
2025-03-07T13:02:33+00:00,esp_outdoor,27.92,102130.7,18.67,4.06,4.14
2025-03-07T13:12:34+00:00,esp_outdoor,28.94,102113.23,18.3,3.99,4.08
2025-03-07T13:22:31+00:00,esp_outdoor,32.66,102101.71,18.07,4.05,4.13
2025-03-07T13:32:31+00:00,esp_outdoor,31.07,102085.28,17.77,4.05,4.08
2025-03-07T13:42:33+00:00,esp_outdoor,32.4,102079.14,17.76,4.05,4.1
2025-03-07T13:52:34+00:00,esp_outdoor,32.06,102070.73,17.81,4.05,4.09
2025-03-07T14:02:34+00:00,esp_outdoor,32.82,102065.02,17.76,4.05,4.13
2025-03-07T14:12:36+00:00,esp_outdoor,33.29,102055.42,17.46,4.04,4.13
2025-03-07T14:22:37+00:00,esp_outdoor,33.83,102048.42,17.25,4.05,4.13
2025-03-07T14:32:38+00:00,esp_outdoor,37.43,102037.69,17.02,4.01,4.12
2025-03-07T14:42:40+00:00,esp_outdoor,39.06,102031.04,17.05,4.04,4.12
2025-03-07T14:52:41+00:00,esp_outdoor,38.97,102024.67,16.73,4.04,4.12
2025-03-07T15:02:42+00:00,esp_outdoor,39.16,102022.39,16.57,4.04,4.1
2025-03-07T15:12:44+00:00,esp_outdoor,42.64,102023.55,16.73,3.99,4.1
2025-03-07T15:22:46+00:00,esp_outdoor,44.53,102025.55,16.22,3.98,4.06
2025-03-07T15:32:44+00:00,esp_outdoor,53.59,102016.66,15.44,4.04,4.08
2025-03-07T15:42:46+00:00,esp_outdoor,50.49,102022.73,15.3,4.04,4.12
2025-03-07T15:52:46+00:00,esp_outdoor,44.75,102015.17,14.95,4.04,4.12
2025-03-07T16:02:46+00:00,esp_outdoor,51.08,102018.66,14.59,3.98,4.06
2025-03-07T16:12:47+00:00,esp_outdoor,49.73,102025.97,14.1,4.04,4.31
2025-03-07T16:22:48+00:00,esp_outdoor,51.9,102022.17,13.59,3.99,4.19
2025-03-07T16:32:49+00:00,esp_outdoor,58.65,102019.81,13.1,3.97,4.13
2025-03-07T16:42:50+00:00,esp_outdoor,62.31,102023.58,12.6,4.04,4.13
2025-03-07T16:52:49+00:00,esp_outdoor,62.25,102022.42,12.3,3.97,4.07
2025-03-07T17:02:49+00:00,esp_outdoor,65.79,102030.28,11.71,3.97,4.05
2025-03-07T17:12:52+00:00,esp_outdoor,65.05,102026.55,11.69,4.03,3.08
2025-03-07T17:22:53+00:00,esp_outdoor,68.96,102033.2,11.53,4,1.2
2025-03-07T17:35:03+00:00,esp_outdoor,73.96,102037.23,11.32,3.97,0.14
2025-03-07T17:45:06+00:00,esp_outdoor,75.25,102041.84,11.03,3.97,0.03
2025-03-07T17:55:29+00:00,esp_outdoor,81.39,102048.69,10.83,3.96,0.03
2025-03-07T18:05:43+00:00,esp_outdoor,73.93,102045.29,10.98,3.96,0
2025-03-07T18:17:50+00:00,esp_outdoor,71.88,102037.17,11,3.95,0
2025-03-07T18:27:50+00:00,esp_outdoor,74.51,102036.78,10.59,3.95,0
2025-03-07T18:39:57+00:00,esp_outdoor,74.44,102039.75,10.34,4.03,0.03
2025-03-07T18:49:53+00:00,esp_outdoor,77.03,102038.84,9.93,3.97,0
2025-03-07T18:59:54+00:00,esp_outdoor,76.96,102026.98,9.74,3.96,0
2025-03-07T19:09:54+00:00,esp_outdoor,77.46,102031.23,9.58,4.03,0.02
2025-03-07T19:21:00+00:00,esp_outdoor,81.3,102037.75,9.32,3.95,0.02
2025-03-07T19:30:59+00:00,esp_outdoor,80.4,102040.72,9.06,3.95,0
2025-03-07T19:40:58+00:00,esp_outdoor,78.68,102042.63,8.98,3.96,0
2025-03-07T19:50:57+00:00,esp_outdoor,78.5,102039.86,8.8,3.96,0
2025-03-07T20:00:58+00:00,esp_outdoor,78.97,102036.7,8.6,4.03,0.02
2025-03-07T20:11:00+00:00,esp_outdoor,78.69,102037.44,8.57,4.03,0.02
2025-03-07T20:21:01+00:00,esp_outdoor,78.66,102036.25,8.35,4.02,0.02
2025-03-07T20:31:02+00:00,esp_outdoor,79.07,102028.38,8.23,4.02,0.02
2025-03-07T20:41:02+00:00,esp_outdoor,77.91,102027.51,8.07,4.03,0.04
2025-03-07T20:51:03+00:00,esp_outdoor,77.22,102030.36,7.92,3.95,0
2025-03-07T21:01:04+00:00,esp_outdoor,77.74,102038.51,7.78,3.95,0
2025-03-07T21:11:05+00:00,esp_outdoor,76.08,102036.88,7.66,3.95,0
2025-03-07T21:21:06+00:00,esp_outdoor,75.64,102036.08,7.49,4.02,0.02
2025-03-07T21:31:07+00:00,esp_outdoor,76.72,102030.77,7.3,4.01,0.01
2025-03-07T21:41:05+00:00,esp_outdoor,76.17,102032.23,7.15,3.98,0.01
2025-03-07T21:51:05+00:00,esp_outdoor,77.95,102033.25,6.96,3.97,0
2025-03-07T22:01:07+00:00,esp_outdoor,81.72,102039.45,6.73,3.96,0.01
2025-03-07T22:11:08+00:00,esp_outdoor,84.38,102040.27,6.51,3.96,0.01
2025-03-07T22:21:09+00:00,esp_outdoor,85.3,102032.62,6.34,4.02,0.01
2025-03-07T22:31:10+00:00,esp_outdoor,85.9,102030.64,6.19,4.02,0
2025-03-07T22:41:11+00:00,esp_outdoor,85.28,102023.38,6.11,4.02,0.01
2025-03-07T22:51:13+00:00,esp_outdoor,84.85,102017.31,6.02,3.95,0
